,City,Country,Lat,Lng,Max Temp,Humidity,Cloudiness,Wind Speed,Description
0,Komsomolskiy,UZ,40.43,71.72,71.6,28,74,4.7,broken clouds
1,Kuryk,KZ,43.2,51.65,84.49,17,26,15.12,scattered clouds
2,Rikitea,PF,-23.12,-134.97,72.77,82,4,15.97,clear sky
3,Ushuaia,AR,-54.8,-68.3,42.8,75,40,19.46,scattered clouds
4,Kapaa,US,22.08,-159.32,78.8,74,75,13.87,broken clouds
5,Castro,BR,-24.79,-50.01,82.33,32,1,10.51,clear sky
6,Laredo,US,27.51,-99.51,75.2,94,20,4.7,few clouds
7,Gladstone,AU,-23.85,151.25,66.2,82,40,5.82,scattered clouds
8,Hochstadt,DE,49.25,8.21,69.01,39,100,5.53,overcast clouds
9,Honningsvag,NO,70.98,25.97,51.8,81,75,21.92,light rain
10,Rivadavia,AR,-33.19,-68.46,55.4,47,20,8.05,few clouds
11,Maltahohe,NA,-24.83,16.98,83.84,14,0,15.21,clear sky
12,Mataura,NZ,-46.19,168.86,45.0,72,87,11.01,overcast clouds
13,Kuching,MY,1.55,110.33,75.2,100,40,2.57,scattered clouds
14,Guerrero Negro,MX,27.98,-114.06,87.17,46,0,5.12,clear sky
15,Kondinskoye,RU,59.65,67.41,48.67,69,100,10.09,overcast clouds
16,Saint-Philippe,RE,-21.36,55.77,69.8,83,22,4.7,few clouds
17,Saint George,US,37.1,-113.58,82.99,14,1,3.36,clear sky
18,Yellowknife,CA,62.46,-114.35,43.0,75,75,6.93,broken clouds
19,Slavutych,UA,51.52,30.73,68.92,58,100,4.03,overcast clouds
20,Hobart,AU,-42.88,147.33,50.0,81,100,6.93,overcast clouds
21,Fenoarivo Atsinanana,MG,-17.37,49.42,68.7,79,28,10.89,scattered clouds
22,Vaini,TO,-21.2,-175.2,69.8,73,75,10.29,broken clouds
23,Lagoa,PT,39.05,-27.98,68.16,76,81,22.55,broken clouds
24,Thompson,CA,55.74,-97.86,41.0,93,90,12.75,light rain
25,Rio Grande,BR,-32.03,-52.1,60.01,85,100,4.0,light rain
26,Aklavik,CA,68.22,-135.01,39.2,80,75,4.7,broken clouds
27,Lorengau,PG,-2.02,147.27,81.75,81,8,10.74,light rain
28,Eregli,TR,37.51,34.05,74.46,31,0,6.13,clear sky
29,Hambantota,LK,6.12,81.12,75.2,100,90,4.7,overcast clouds
30,Pizhanka,RU,57.46,48.54,56.79,77,0,7.67,clear sky
31,Hilo,US,19.73,-155.09,73.4,73,90,2.08,overcast clouds
32,Narsaq,GL,60.92,-46.05,46.4,87,75,4.7,light rain
33,Le Vauclin,MQ,14.55,-60.84,89.6,66,20,13.87,few clouds
34,Emerald,AU,-23.53,148.17,66.2,77,7,8.05,clear sky
35,Qaqortoq,GL,60.72,-46.03,46.4,87,75,4.7,light rain
36,Muroto,JP,33.28,134.15,84.16,79,99,37.92,moderate rain
37,Robertsport,LR,6.75,-11.37,78.1,84,91,14.32,overcast clouds
38,Vardo,NO,70.37,31.11,55.4,76,48,11.41,scattered clouds
39,Hithadhoo,MV,-0.6,73.08,82.18,76,92,10.47,overcast clouds
40,Bhatkal,IN,13.97,74.57,79.84,85,76,7.61,broken clouds
41,Constitucion,CL,-35.33,-72.42,59.18,54,0,7.7,clear sky
42,Saskylakh,RU,71.92,114.08,40.86,88,55,6.98,broken clouds
43,Rio Cuarto,AR,-33.13,-64.35,50.0,81,90,9.17,overcast clouds
44,Cap Malheureux,MU,-19.98,57.61,73.0,72,37,5.01,scattered clouds
45,Tura,IN,25.52,90.22,75.13,96,100,4.68,moderate rain
46,Chokurdakh,RU,70.63,147.92,38.17,77,22,6.42,few clouds
47,Laguna,US,38.42,-121.42,80.6,51,1,8.05,haze
48,Flinders,AU,-34.58,150.86,59.0,82,8,1.01,clear sky
49,Bathsheba,BB,13.22,-59.52,87.8,66,40,13.87,scattered clouds
50,Kuusamo,FI,65.97,29.18,57.2,67,68,12.75,broken clouds
51,Oudtshoorn,ZA,-33.59,22.2,59.0,93,75,5.82,broken clouds
52,Bredasdorp,ZA,-34.53,20.04,60.8,63,36,10.29,scattered clouds
53,Torbay,CA,47.67,-52.73,71.01,37,40,6.93,scattered clouds
54,Turka,UA,49.15,23.03,68.0,79,69,4.59,broken clouds
55,Jamestown,US,42.1,-79.24,66.99,77,1,5.82,clear sky
56,Buraydah,SA,26.33,43.98,104.0,15,0,10.29,clear sky
57,Georgetown,MY,5.41,100.34,82.4,83,40,2.24,heavy intensity rain
58,Praia,CV,14.92,-23.51,82.4,69,75,18.34,broken clouds
59,Salalah,OM,17.02,54.09,80.6,83,40,5.82,scattered clouds
60,Barrow,US,71.29,-156.79,37.4,93,90,9.17,fog
61,Namatanai,PG,-3.67,152.43,79.52,78,99,5.5,overcast clouds
62,Ampanihy,MG,-24.7,44.75,64.87,66,0,15.88,clear sky
63,Avarua,CK,-21.21,-159.78,69.8,64,61,6.93,broken clouds
64,Malakal,SS,9.53,31.66,75.76,91,85,4.03,light rain
65,Punta Arenas,CL,-53.15,-70.92,42.8,81,75,13.87,broken clouds
66,Cherskiy,RU,68.75,161.3,41.16,67,92,13.31,overcast clouds
67,Kushiro,JP,42.98,144.37,67.26,97,92,1.1,overcast clouds
68,Busselton,AU,-33.65,115.33,55.99,59,100,20.38,light rain
69,Puerto Ayora,EC,-0.74,-90.35,71.6,68,40,13.87,scattered clouds
70,Tingo Maria,PE,-9.29,-76.01,75.2,47,20,3.36,haze
71,Tuktoyaktuk,CA,69.45,-133.04,37.4,74,90,4.7,overcast clouds
72,East London,ZA,-33.02,27.91,59.0,93,40,3.36,light rain
73,Kavieng,PG,-2.57,150.8,82.83,77,5,12.55,clear sky
74,Mehamn,NO,71.04,27.85,55.4,76,75,13.87,broken clouds
75,Albany,US,42.6,-73.97,73.0,49,28,2.51,scattered clouds
76,Bengkulu,ID,-3.8,102.27,77.07,88,90,5.39,light rain
77,Sur,OM,22.57,59.53,84.49,64,0,13.13,clear sky
78,Kodiak,US,57.79,-152.41,53.6,93,90,21.92,light rain
79,Tuatapere,NZ,-46.13,167.68,45.0,72,23,11.01,few clouds
80,Itupiranga,BR,-5.13,-49.33,96.8,37,20,8.05,few clouds
81,Cape Town,ZA,-33.93,18.42,68.0,55,2,6.93,clear sky
82,Luderitz,NA,-26.65,15.16,66.67,53,0,27.02,clear sky
83,Brae,GB,60.4,-1.35,51.8,66,75,12.75,broken clouds
84,Norman Wells,CA,65.28,-126.83,42.8,100,75,8.05,broken clouds
85,Port Alfred,ZA,-33.59,26.89,62.76,82,88,12.48,overcast clouds
86,Kieta,PG,-6.22,155.63,79.11,75,5,0.49,clear sky
87,Khandyga,RU,62.67,135.6,51.37,97,100,4.41,moderate rain
88,Mahebourg,MU,-20.41,57.7,71.6,78,40,10.29,scattered clouds
89,Upernavik,GL,72.79,-56.15,36.52,78,98,10.02,overcast clouds
90,Ilulissat,GL,69.22,-51.1,37.4,86,98,6.93,light intensity shower rain
91,Teya,RU,60.38,92.63,41.97,87,69,3.2,broken clouds
92,Taltal,CL,-25.4,-70.48,64.06,53,27,5.88,scattered clouds
93,Alta Floresta,BR,-9.88,-56.09,107.29,11,9,4.25,clear sky
94,Neuquen,AR,-38.95,-68.06,51.8,62,0,2.24,clear sky
95,Granada,ES,37.25,-3.25,93.0,28,38,3.0,scattered clouds
96,Asopos,GR,36.73,22.87,80.6,54,0,9.17,clear sky
97,Shubarkuduk,KZ,49.14,56.49,65.93,27,83,6.93,broken clouds
98,Sawtell,AU,-30.38,153.1,55.99,93,40,3.27,scattered clouds
99,Vanimo,PG,-2.67,141.3,78.26,84,83,6.08,light rain
100,Faanui,PF,-16.48,-151.75,77.56,77,69,8.21,light rain
101,Genhe,CN,50.78,121.52,48.2,91,0,1.28,clear sky
102,Santo Antonio Da Platina,BR,-23.3,-50.08,88.86,25,1,6.89,clear sky
103,Leshukonskoye,RU,64.9,45.76,59.36,88,100,5.3,overcast clouds
104,Rawson,AR,-43.3,-65.1,58.35,36,0,10.65,clear sky
105,Amuntai,ID,-2.42,115.25,74.35,96,100,1.03,overcast clouds
106,Pangnirtung,CA,66.15,-65.71,40.98,68,54,4.7,broken clouds
107,Biak,ID,-0.91,122.88,76.78,81,70,7.65,light rain
108,Bethel,US,41.37,-73.41,73.99,56,40,6.58,scattered clouds
109,Krasnoselkup,RU,65.7,82.47,46.89,82,100,8.59,overcast clouds
110,Luanda,AO,-8.84,13.23,75.2,73,60,5.82,broken clouds
111,Longyearbyen,SJ,78.22,15.64,42.8,87,75,6.93,broken clouds
112,Amahai,ID,-3.33,128.92,77.54,88,97,6.17,light rain
113,New Norfolk,AU,-42.78,147.06,50.0,55,100,1.01,overcast clouds
114,Takhtamygda,RU,54.1,123.57,51.12,93,61,3.58,broken clouds
115,Goderich,CA,43.75,-81.72,66.99,90,58,5.01,broken clouds
116,Atuona,PF,-9.8,-139.03,78.49,75,8,21.63,light rain
117,Airai,TL,-8.93,125.41,56.3,51,21,2.8,few clouds
118,Weiden,DE,49.68,12.16,64.4,48,90,10.29,overcast clouds
119,Tymovskoye,RU,50.85,142.66,58.98,86,100,4.34,overcast clouds
120,Hermanus,ZA,-34.42,19.23,63.0,67,16,5.01,few clouds
121,Yagoua,CM,10.34,15.23,76.03,85,100,3.6,overcast clouds
122,Atambua,ID,-9.11,124.89,67.96,85,37,4.88,scattered clouds
123,Dingle,PH,11.0,122.67,78.04,89,86,3.02,overcast clouds
124,Te Karaka,NZ,-38.47,177.87,54.27,81,100,6.02,light rain
125,Lebu,CL,-37.62,-73.65,53.62,69,0,11.68,clear sky
126,Kahului,US,20.89,-156.47,75.2,78,20,8.05,few clouds
127,Butaritari,KI,3.07,172.79,83.03,71,100,18.66,overcast clouds
128,Victoria,HK,22.29,114.16,84.0,84,95,8.08,overcast clouds
129,Touros,BR,-5.2,-35.46,86.0,51,75,11.41,broken clouds
130,San Patricio,MX,19.22,-104.7,86.0,79,40,6.93,scattered clouds
131,Sola,VU,-13.88,167.55,79.34,85,93,22.59,light rain
132,Aleksandrovsk-Sakhalinskiy,RU,50.9,142.16,62.17,80,100,12.5,overcast clouds
133,Talakan,RU,50.32,130.37,56.37,93,0,2.93,clear sky
134,Huarmey,PE,-10.07,-78.15,66.51,65,97,8.79,overcast clouds
135,Chuy,UY,-33.7,-53.46,57.76,68,0,12.55,clear sky
136,Tsaratanana,MG,-16.78,47.65,70.47,51,44,10.78,scattered clouds
137,Tukrah,LY,32.53,20.58,79.56,63,0,14.5,clear sky
138,Port Elizabeth,ZA,-33.92,25.57,60.8,82,20,4.7,few clouds
139,Xuddur,SO,4.12,43.89,79.3,55,86,12.73,overcast clouds
140,Oron,NG,4.83,8.23,77.94,86,99,8.01,light rain
141,Laje,BR,-10.18,-40.97,85.82,28,0,13.18,clear sky
142,Naze,JP,28.37,129.48,80.6,88,75,24.16,broken clouds
143,Heihe,CN,50.24,127.49,57.2,93,20,4.47,few clouds
144,Faya,SA,18.39,42.45,82.4,14,20,10.29,few clouds
145,Dikson,RU,73.51,80.55,42.19,80,59,17.36,broken clouds
146,Saint-Pierre,RE,-21.34,55.48,69.8,83,45,4.7,scattered clouds
147,Sarnen,CH,46.9,8.25,60.8,82,90,3.36,light rain
148,Niimi,JP,34.98,133.47,79.0,90,100,8.99,moderate rain
149,Halifax,CA,44.65,-63.57,73.0,54,0,5.01,clear sky
150,Nanortalik,GL,60.14,-45.24,45.43,93,100,13.02,light rain
151,Margate,GB,51.38,1.39,64.99,57,37,1.01,light rain
152,Ancud,CL,-41.87,-73.82,51.01,92,0,1.01,clear sky
153,Rio Verde De Mato Grosso,BR,-18.92,-54.84,101.71,11,31,5.55,scattered clouds
154,Madingou,CG,-4.15,13.55,81.01,60,97,7.14,overcast clouds
155,Klaksvik,FO,62.23,-6.59,48.2,76,99,13.87,overcast clouds
156,Richards Bay,ZA,-28.78,32.04,67.46,66,86,10.92,overcast clouds
157,Qaanaaq,GL,77.48,-69.36,29.82,83,14,2.62,few clouds
158,Worland,US,44.02,-107.96,78.01,26,1,10.45,haze
159,La Libertad,EC,-2.23,-80.9,75.2,73,40,8.05,scattered clouds
160,Nikolskoye,RU,59.7,30.79,61.0,77,75,6.71,broken clouds
161,Santa Maria,BR,-29.68,-53.81,59.0,93,90,10.29,light rain
162,Ribeira Grande,PT,38.52,-28.7,73.4,53,40,19.46,scattered clouds
163,Buala,SB,-8.14,159.59,80.19,81,35,6.42,light rain
164,Whitehorse,CA,60.72,-135.05,30.2,92,5,1.52,fog
165,Arkadelphia,US,34.12,-93.05,80.01,83,1,3.96,clear sky
166,Hasaki,JP,35.73,140.83,75.2,100,75,4.7,broken clouds
167,Izumo,JP,35.37,132.77,84.2,66,75,17.22,broken clouds
168,Wagar,SD,16.15,36.2,100.42,24,0,6.67,clear sky
169,Te Anau,NZ,-45.42,167.72,34.83,88,10,1.66,clear sky
170,Ordu,TR,40.91,37.68,77.0,83,20,11.41,few clouds
171,San Luis,AR,-33.3,-66.34,57.04,49,59,11.18,broken clouds
172,Pombas,CV,17.15,-25.02,87.8,62,40,27.51,scattered clouds
173,Carnarvon,AU,-24.87,113.63,66.2,82,100,5.82,overcast clouds
174,Sao Filipe,CV,14.9,-24.5,78.39,79,77,10.71,broken clouds
175,Provideniya,RU,64.38,-173.3,40.32,82,100,8.88,overcast clouds
176,Nouadhibou,MR,20.93,-17.03,89.6,55,100,14.99,light rain
177,Atar,MR,20.52,-13.05,98.56,29,83,16.2,broken clouds
178,Bodden Town,KY,19.28,-81.25,87.8,74,40,8.52,scattered clouds
179,Keningau,MY,5.34,116.16,77.0,94,20,2.24,few clouds
180,Ponta Do Sol,PT,32.67,-17.1,77.0,69,20,6.93,few clouds
181,Pevek,RU,69.7,170.31,38.73,77,0,16.51,clear sky
182,Kargasok,RU,59.06,80.86,43.92,96,100,9.33,light rain
183,Alofi,NU,-19.06,-169.92,71.6,64,69,14.99,broken clouds
184,Rio Brilhante,BR,-21.8,-54.55,97.92,17,16,4.76,few clouds
185,Seinajoki,FI,62.79,22.83,55.99,87,100,3.36,overcast clouds
186,Bluff,NZ,-46.6,168.33,45.0,72,76,11.01,broken clouds
187,Grindavik,IS,63.84,-22.43,51.8,100,90,23.04,moderate rain
188,Wuwei,CN,37.93,102.64,66.38,40,10,4.43,clear sky
189,Coos Bay,US,43.37,-124.22,61.0,100,1,6.93,clear sky
190,Antofagasta,CL,-23.65,-70.4,59.0,67,75,9.17,broken clouds
191,Bac Lieu,VN,9.29,105.72,81.48,81,98,6.78,overcast clouds
192,Ambovombe,MG,-25.17,46.08,65.98,69,0,21.12,clear sky
193,San Carlos De Bariloche,AR,-41.15,-71.31,46.4,49,0,3.33,clear sky
194,Quirinopolis,BR,-18.45,-50.45,94.69,15,6,3.74,clear sky
195,Sinnamary,GF,5.38,-52.95,84.2,78,0,8.99,light rain
196,Flagstaff,US,35.2,-111.65,78.8,22,1,10.29,clear sky
197,Kendari,ID,-3.94,122.5,74.5,90,99,2.42,overcast clouds
198,Saint-Denis,FR,48.92,2.33,66.2,42,53,9.17,broken clouds
199,Vagur,FO,61.47,-6.81,48.61,77,99,17.83,overcast clouds
200,Mayor Pablo Lagerenza,PY,-19.93,-60.77,93.99,26,29,10.22,scattered clouds
201,Gembloux,BE,50.56,4.7,62.6,48,20,4.7,few clouds
202,Mar Del Plata,AR,-38.0,-57.56,48.2,66,75,6.93,broken clouds
203,Dwarka,IN,22.24,68.97,84.11,79,0,9.19,clear sky
204,Antalaha,MG,-14.9,50.28,70.43,73,0,11.92,clear sky
205,Marsh Harbour,BS,26.54,-77.06,84.97,67,99,8.99,overcast clouds
206,Vestmannaeyjar,IS,63.44,-20.27,51.8,100,90,25.28,moderate rain
207,Ostrovnoy,RU,68.05,39.51,55.89,76,61,13.8,broken clouds
208,Batagay-Alyta,RU,67.8,130.41,43.48,80,98,7.67,overcast clouds
209,Marystown,CA,47.17,-55.15,68.0,100,69,4.54,broken clouds
210,Mount Gambier,AU,-37.83,140.77,55.4,58,5,11.41,clear sky
211,Abu Dhabi,AE,24.47,54.37,96.8,56,0,9.17,clear sky
212,Lancaster,US,40.25,-76.25,77.0,57,1,5.82,clear sky
213,Qasigiannguit,GL,68.82,-51.19,37.4,86,90,6.93,light intensity shower rain
214,Zabaykalsk,RU,49.63,117.32,55.09,81,33,2.33,scattered clouds
215,Vao,NC,-22.67,167.48,70.7,77,100,15.77,overcast clouds
216,Sanchez,DO,19.23,-69.61,86.0,79,40,7.2,scattered clouds
217,Clyde River,CA,70.47,-68.59,41.0,56,40,24.16,scattered clouds
218,San Pedro,PH,14.35,121.02,84.2,79,100,5.82,overcast clouds
219,Phan Thiet,VN,10.93,108.1,79.34,88,92,6.53,light rain
220,Arraial Do Cabo,BR,-22.97,-42.03,84.2,69,98,16.11,overcast clouds
221,Smidovich,RU,48.6,133.82,61.95,91,96,4.43,overcast clouds
222,San Rafael,AR,-34.62,-68.33,53.55,48,0,6.06,clear sky
223,Shingu,JP,33.73,135.98,79.09,89,100,17.31,moderate rain
224,Bartica,GY,6.4,-58.62,87.8,66,40,4.7,scattered clouds
225,San-Pedro,CI,4.75,-6.64,77.32,79,80,10.63,broken clouds
226,Chizhou,CN,30.66,117.48,70.5,60,0,0.96,clear sky
227,Sambava,MG,-14.27,50.17,72.36,70,2,16.37,clear sky
228,Tasiilaq,GL,65.61,-37.64,37.4,93,100,9.17,overcast clouds
229,Port Moresby,PG,-9.44,147.18,78.8,83,40,16.11,scattered clouds
230,Poum,NC,-20.23,164.02,72.73,76,100,16.67,overcast clouds
231,Leningradskiy,RU,69.38,178.42,35.33,86,6,7.05,clear sky
232,Hay River,CA,60.82,-115.8,48.2,81,75,3.36,broken clouds
233,Khatanga,RU,71.97,102.5,40.46,75,0,4.72,clear sky
234,Centerville,US,39.63,-84.16,75.99,60,1,5.82,clear sky
235,Ambulu,ID,-8.35,113.61,75.38,88,50,2.95,scattered clouds
236,Lompoc,US,34.64,-120.46,69.8,72,1,3.36,clear sky
237,Port Lincoln,AU,-34.73,135.87,67.32,30,24,23.2,few clouds
238,Tateyama,JP,34.98,139.87,77.0,92,78,1.01,broken clouds
239,Smoky Lake,CA,54.12,-112.47,53.01,86,100,5.99,overcast clouds
240,Matara,LK,5.95,80.54,76.78,81,100,18.19,overcast clouds
241,Bull Savanna,JM,17.89,-77.59,84.76,66,23,9.06,few clouds
242,Chapais,CA,49.78,-74.85,53.6,76,90,8.05,overcast clouds
243,Chiang Klang,TH,19.29,100.86,77.52,83,98,1.1,overcast clouds
244,Fountain Hills,US,33.61,-111.72,99.0,19,1,6.93,clear sky
245,Acapulco,MX,16.86,-99.89,82.4,78,75,4.7,broken clouds
246,Haines Junction,CA,60.75,-137.51,41.41,76,0,0.13,clear sky
247,Pailon,BO,-17.65,-62.75,86.0,48,75,11.41,broken clouds
248,Namibe,AO,-15.2,12.15,68.09,84,74,8.19,broken clouds
249,Walvis Bay,NA,-22.96,14.51,64.4,59,0,12.75,clear sky
250,Salinopolis,BR,-0.61,-47.36,84.16,71,18,15.01,light rain
251,Coihaique,CL,-45.58,-72.07,48.2,76,90,4.7,overcast clouds
252,Visnes,NO,59.36,5.22,55.99,76,40,16.11,scattered clouds
253,Talnakh,RU,69.49,88.4,46.4,70,0,8.95,clear sky
254,Orange Cove,US,36.62,-119.31,87.01,65,1,3.47,clear sky
255,Tilichiki,RU,60.47,166.1,37.45,89,23,2.66,few clouds
256,Karakol,KG,42.49,78.39,52.84,67,36,1.52,light rain
257,Hala,PK,25.81,68.42,91.4,59,0,6.93,clear sky
258,Coahuayana,MX,18.73,-103.68,75.2,83,75,1.7,broken clouds
259,Burnie,AU,-41.07,145.92,46.99,91,100,1.99,overcast clouds
260,Bonavista,CA,48.65,-53.11,61.52,62,36,3.2,scattered clouds
261,Coihueco,CL,-36.62,-71.83,55.0,71,99,4.7,overcast clouds
262,Pisco,PE,-13.7,-76.22,63.0,82,90,6.93,overcast clouds
263,Berlevag,NO,70.86,29.09,55.4,71,50,17.22,light rain
264,Kavaratti,IN,10.57,72.64,81.91,78,100,28.74,overcast clouds
265,Santa Ana Arriba,DO,19.3,-70.35,84.2,74,40,13.87,scattered clouds
266,Noshiro,JP,40.2,140.02,74.28,81,0,6.44,clear sky
267,San Jeronimito,MX,17.55,-101.33,80.6,83,75,0.76,broken clouds
268,Nome,US,64.5,-165.41,37.99,86,1,4.7,clear sky
269,San Policarpo,PH,12.18,125.51,81.3,85,58,5.41,broken clouds
270,Kruisfontein,ZA,-34.0,24.73,60.01,81,25,5.01,scattered clouds
271,Hongjiang,CN,27.11,110.0,72.25,92,100,3.02,light rain
272,Bambous Virieux,MU,-20.34,57.76,73.0,78,40,10.29,scattered clouds
273,Iberia,US,29.95,-91.75,84.2,69,1,5.82,clear sky
274,San Andres,CO,12.58,-81.7,87.8,74,40,5.82,scattered clouds
275,Potsdam,DE,52.4,13.07,69.01,54,9,7.65,clear sky
276,Wanning,CN,18.8,110.4,82.47,85,96,5.91,light rain
277,Xuanhua,CN,40.61,115.04,64.65,76,42,0.34,scattered clouds
278,Geraldton,AU,-28.77,114.6,66.2,88,75,16.11,broken clouds
279,Kachkanar,RU,58.7,59.49,50.54,85,15,5.91,few clouds
280,Mumbwa,ZM,-14.98,27.06,73.17,25,12,6.06,few clouds
281,Vaitape,PF,-16.52,-151.75,78.39,75,68,8.19,light rain
282,Clinton,US,42.59,-82.92,70.0,77,90,10.29,overcast clouds
283,Mariana,BR,-20.38,-43.42,84.67,26,6,5.88,clear sky
284,Nador,MA,35.17,-2.93,80.6,69,40,8.05,scattered clouds
285,Leirvik,NO,59.78,5.5,57.2,76,40,17.22,scattered clouds
286,Iqaluit,CA,63.75,-68.51,48.2,57,75,10.29,broken clouds
287,Canto Do Buriti,BR,-8.11,-42.94,94.91,23,2,7.87,clear sky
288,Vila Do Maio,CV,15.13,-23.22,82.4,69,75,18.34,broken clouds
289,Okhotsk,RU,59.38,143.3,51.46,89,92,7.49,light rain
290,Cubara,CO,7.0,-72.11,88.57,47,21,4.14,few clouds
291,Palu,ID,-0.89,119.87,76.23,82,100,2.1,light rain
292,Oranjemund,NA,-28.55,16.43,60.37,69,0,21.97,clear sky
293,Anaconda,US,46.13,-112.94,50.0,53,1,3.36,clear sky
294,Saldanha,ZA,-33.01,17.94,64.4,55,12,6.93,few clouds
295,Dukat,RU,62.55,155.55,37.81,93,100,7.31,light rain
296,Santo Domingo,DO,18.5,-69.99,87.8,66,40,7.78,scattered clouds
297,Cabo San Lucas,MX,22.89,-109.91,82.99,88,75,4.7,broken clouds
298,Holetown,BB,13.19,-59.64,87.8,66,40,13.87,scattered clouds
299,Puno,PE,-15.83,-70.03,55.4,37,85,2.24,overcast clouds
300,Tymoshivka,UA,47.18,35.11,74.17,49,52,10.8,broken clouds
301,Khandbari,NP,27.37,87.2,73.94,76,94,0.51,moderate rain
302,Deputatskiy,RU,69.3,139.9,40.46,93,100,3.78,overcast clouds
303,Kamaishi,JP,39.27,141.88,74.53,89,18,6.4,few clouds
304,Veraval,IN,20.9,70.37,83.08,84,100,8.88,overcast clouds
305,Ahipara,NZ,-35.17,173.17,56.01,90,90,9.78,light rain
306,Hofn,IS,64.25,-15.21,50.0,93,90,10.29,mist
307,Tukums,LV,56.97,23.16,62.6,67,75,4.7,broken clouds
308,Ciudad Bolivar,VE,8.12,-63.55,89.02,58,39,5.86,scattered clouds
309,Beroroha,MG,-21.67,45.17,73.71,38,57,4.45,broken clouds
310,Chavannes,CH,46.53,6.57,66.0,84,90,4.0,overcast clouds
311,Tunceli,TR,39.11,39.55,93.2,15,37,17.22,scattered clouds
312,Vamberk,CZ,50.12,16.29,71.01,49,87,4.9,overcast clouds
313,Kununurra,AU,-15.77,128.73,69.8,23,89,8.23,overcast clouds
314,Lubumbashi,CD,-11.66,27.48,73.67,21,87,3.91,overcast clouds
315,Aksarka,RU,66.56,67.8,46.47,61,0,2.77,clear sky
316,Cayhagan,PH,9.67,122.43,81.21,80,97,1.57,moderate rain
317,Esperance,AU,-33.87,121.9,59.0,82,90,12.75,overcast clouds
318,Flin Flon,CA,54.77,-101.86,50.0,87,90,17.22,overcast clouds
319,Gunjur,GM,13.2,-16.73,78.8,94,75,2.24,broken clouds
320,Soto La Marina,MX,23.77,-98.22,75.0,97,100,3.0,moderate rain
321,Caarapo,BR,-22.63,-54.82,94.33,23,0,4.88,clear sky
322,Goias,BR,-15.58,-49.64,97.66,14,0,3.87,clear sky
323,Cidreira,BR,-30.18,-50.21,60.48,98,100,15.21,moderate rain
324,Douglas,US,41.3,-96.17,87.01,54,1,6.93,clear sky
325,Langsa,ID,4.47,97.97,75.61,90,86,1.39,overcast clouds
326,El Fuerte,MX,26.42,-108.62,86.43,58,1,1.03,clear sky
327,Avera,US,33.19,-82.53,82.4,45,1,10.29,clear sky
328,San Felipe,VE,10.34,-68.74,91.67,48,33,1.97,scattered clouds
329,Rancho Palos Verdes,US,33.74,-118.39,90.0,63,0,2.44,clear sky
330,Pychas,RU,56.5,52.44,61.0,67,89,3.71,overcast clouds
331,Isangel,VU,-19.55,169.27,70.27,82,67,11.72,broken clouds
332,Chickasha,US,35.05,-97.94,84.2,54,1,10.29,clear sky
333,Sanmenxia,CN,34.77,111.18,73.58,42,0,2.8,clear sky
334,Harindanga,IN,22.04,88.32,87.8,89,40,9.17,haze
335,Cockburn Town,TC,21.46,-71.14,86.0,70,40,16.11,scattered clouds
336,Grand Gaube,MU,-20.01,57.66,73.0,72,40,5.01,scattered clouds
337,Petropavlovsk-Kamchatskiy,RU,53.05,158.65,51.8,100,75,2.24,broken clouds
338,Shieli,KZ,44.17,66.75,58.73,32,0,8.5,clear sky
339,Majene,ID,-3.54,118.97,77.76,83,99,14.14,overcast clouds
340,West Wendover,US,40.74,-114.07,75.2,23,1,4.7,clear sky
341,Makinsk,KZ,52.63,70.42,44.33,77,97,7.4,overcast clouds
342,Tongchuan,CN,35.08,109.09,71.46,53,5,0.98,clear sky
343,Muros,ES,42.78,-9.06,70.0,56,0,13.87,clear sky
344,Nueva Loja,EC,0.08,-76.88,84.2,66,50,1.12,scattered clouds
345,Ozinki,RU,51.18,49.68,65.64,29,19,5.88,few clouds
346,Keflavik,IS,64.0,-22.56,53.6,100,90,23.04,moderate rain
347,Nalagarh,IN,31.05,76.72,79.48,74,0,3.42,clear sky
348,Nemuro,JP,43.32,145.57,67.01,98,96,10.63,overcast clouds
349,Sovetskiy,RU,61.36,63.58,48.96,73,0,4.45,clear sky
350,Jinka,ET,5.65,36.65,68.29,79,54,0.96,light rain
351,Huntingdon,GB,52.33,-0.19,68.0,56,35,1.01,scattered clouds
352,Tutoia,BR,-2.76,-42.27,87.55,47,8,14.03,clear sky
353,Hamilton,US,39.18,-84.53,79.0,61,40,3.58,scattered clouds
354,Dicabisagan,PH,17.08,122.42,79.68,82,100,1.12,overcast clouds
355,Muisne,EC,0.6,-80.03,78.8,83,75,10.29,broken clouds
356,Port-Cartier,CA,50.03,-66.87,59.0,62,75,5.82,broken clouds
357,Nombre De Dios,MX,23.85,-104.23,62.6,88,90,4.09,overcast clouds
358,Codrington,AU,-38.27,141.97,56.37,64,35,16.24,scattered clouds
359,Manaquiri,BR,-3.32,-60.35,95.0,49,20,4.7,few clouds
360,Aseri,EE,59.45,26.87,59.95,75,18,7.92,few clouds
361,Mantenopolis,BR,-18.86,-41.12,80.64,48,28,5.75,scattered clouds
362,Karratha,AU,-20.74,116.85,69.64,76,0,8.7,clear sky
363,Harper,LR,4.38,-7.72,77.13,81,90,11.56,overcast clouds
364,Santa Engracia,ES,41.94,-1.32,79.0,40,0,23.04,clear sky
365,Anloga,GH,5.79,0.9,84.2,66,20,16.11,few clouds
366,Ulladulla,AU,-35.35,150.47,48.2,93,0,4.7,clear sky
367,Marienburg,PL,54.04,19.03,63.0,100,20,7.36,light rain
368,Cottonwood,US,34.74,-112.01,88.0,22,0,1.99,clear sky
369,Srandakan,ID,-7.94,110.25,76.87,83,100,5.48,light rain
370,Makakilo City,US,21.35,-158.09,78.8,73,1,3.36,clear sky
371,Oil City,US,41.43,-79.71,71.01,64,1,2.28,clear sky
372,Mossendjo,CG,-2.95,12.73,80.65,57,35,6.31,scattered clouds
373,Eureka,US,40.8,-124.16,61.0,100,0,5.17,clear sky
374,Fortuna,US,40.6,-124.16,66.99,72,75,8.05,broken clouds
375,Hachinohe,JP,40.5,141.5,69.8,100,75,3.36,mist
376,Nokaneng,BW,-19.67,22.27,82.26,15,0,6.35,clear sky
377,Kushima,JP,31.46,131.23,80.6,78,90,12.75,light intensity shower rain
378,Cochrane,CA,51.18,-114.47,48.99,93,90,4.7,overcast clouds
379,Itapicuru,BR,-11.32,-38.23,86.85,41,77,13.76,broken clouds
380,Salaga,GH,8.55,-0.52,79.95,82,80,5.5,light rain
381,Ust-Nera,RU,64.57,143.2,44.62,78,100,3.42,light rain
382,Belmonte,BR,-15.86,-38.88,78.8,69,75,11.41,broken clouds
383,Kaitangata,NZ,-46.28,169.85,45.0,76,36,5.01,scattered clouds
384,Pak Phanang,TH,8.35,100.2,80.55,80,52,9.84,moderate rain
385,Kenai,US,60.55,-151.26,48.0,87,90,5.82,overcast clouds
386,Beringovskiy,RU,63.05,179.32,44.96,83,95,4.25,overcast clouds
387,Vagamo,NO,61.88,9.1,55.09,49,57,8.01,broken clouds
388,Bubaque,GW,11.28,-15.83,79.97,82,27,20.96,scattered clouds
389,Abu Zabad,SD,12.35,29.25,86.79,53,84,7.61,broken clouds
390,Portland,US,45.52,-122.68,64.0,87,20,3.02,few clouds
391,Yatou,CN,37.15,122.38,68.41,84,92,7.38,overcast clouds
392,Linxia,CN,35.6,103.21,60.22,53,73,2.46,broken clouds
393,Odweyne,SO,9.41,45.06,80.01,48,89,10.69,overcast clouds
394,Mustafakemalpasa,TR,40.04,28.41,84.2,54,0,12.75,clear sky
395,Kholodnyy,RU,62.72,147.95,42.31,86,79,5.53,broken clouds
396,Fayaoue,NC,-20.65,166.53,72.99,77,100,19.93,overcast clouds
397,Coquimbo,CL,-29.95,-71.34,57.2,76,70,11.41,broken clouds
398,Nantucket,US,41.28,-70.1,71.6,78,1,12.75,clear sky
399,Pacific Grove,US,36.62,-121.92,71.6,56,1,6.06,clear sky
400,Broome,US,42.25,-75.83,66.99,72,75,4.7,broken clouds
401,Yarmouth,US,41.71,-70.23,78.01,69,1,12.75,clear sky
402,Moyale,KE,3.52,39.06,71.94,60,55,8.97,broken clouds
403,Colac,AU,-38.33,143.58,50.0,79,93,1.99,overcast clouds
404,Yerbogachen,RU,61.28,108.01,52.59,94,100,7.43,overcast clouds
405,Sulangan,PH,11.14,123.72,85.41,72,100,1.14,overcast clouds
406,Oranjestad,AW,12.52,-70.03,89.6,62,20,17.22,few clouds
407,Kurbnesh,AL,41.78,20.08,82.4,51,0,8.05,clear sky
408,Meulaboh,ID,4.14,96.13,77.22,81,100,4.74,overcast clouds
409,Klyuchi,RU,52.27,79.17,48.74,64,93,7.29,overcast clouds
410,Cayenne,GF,4.93,-52.33,91.4,59,0,6.93,light rain
411,Novyy Urengoy,RU,66.08,76.63,50.34,78,47,3.53,scattered clouds
412,Saint-Augustin,CA,51.23,-58.65,64.92,52,5,16.37,clear sky
413,Severo-Kurilsk,RU,50.68,156.12,54.23,92,100,4.7,overcast clouds
414,Jiangdu,CN,32.43,119.56,72.99,81,1,7.52,clear sky
415,Kalemie,CD,-5.95,29.19,77.54,50,0,2.42,clear sky
416,Amapa,BR,1.0,-52.0,91.54,47,84,4.76,broken clouds
417,Tommot,RU,58.96,126.29,49.01,88,20,1.72,few clouds
418,Dawei,MM,14.08,98.2,78.94,87,99,2.21,overcast clouds
419,Udachnyy,RU,66.42,112.4,37.4,93,22,6.71,few clouds
420,Cozumel,MX,20.51,-86.95,87.8,66,75,8.05,broken clouds
421,Sembakung,ID,3.82,117.25,74.37,96,55,1.05,moderate rain
422,Rurrenabaque,BO,-14.44,-67.53,97.93,32,85,5.28,overcast clouds
423,Bilibino,RU,68.05,166.44,29.73,94,0,3.24,clear sky
424,Lodja,CD,-3.48,23.43,79.97,67,100,3.33,overcast clouds
425,Leh,IN,34.17,77.58,60.26,34,35,5.84,scattered clouds
426,Ulaanbaatar,MN,47.91,106.88,50.0,81,16,2.24,few clouds
427,Quelimane,MZ,-17.88,36.89,77.0,69,20,4.7,few clouds
428,Vila Franca Do Campo,PT,37.72,-25.43,71.6,64,75,18.34,light intensity shower rain
429,Quatre Cocos,MU,-20.21,57.76,73.0,78,40,10.29,scattered clouds
430,San Cristobal,VE,7.77,-72.22,87.8,52,40,13.87,scattered clouds
431,Manhattan,US,40.78,-73.97,82.0,53,1,4.7,clear sky
432,Visby,SE,57.64,18.3,61.0,62,20,16.11,few clouds
433,Kroya,ID,-7.63,109.25,76.59,82,100,6.08,overcast clouds
434,Tapes,BR,-30.67,-51.4,58.91,94,100,9.55,light rain
435,Rhymney,GB,51.76,-3.29,62.01,84,93,1.01,light rain
436,Senador Pompeu,BR,-5.59,-39.37,93.9,24,0,7.76,clear sky
437,High Level,CA,58.52,-117.14,44.6,87,75,4.7,broken clouds
438,Abalak,RU,58.13,68.59,45.23,93,99,8.86,light rain
439,Sao Geraldo Do Araguaia,BR,-6.4,-48.55,104.23,16,0,6.26,clear sky
440,Mackenzie,CA,55.3,-123.17,51.8,93,90,1.95,overcast clouds
441,Pimenta Bueno,BR,-11.67,-61.19,113.63,12,41,1.3,scattered clouds
442,Tiksi,RU,71.69,128.87,42.55,90,100,6.6,overcast clouds
443,Lasa,IT,46.62,10.7,64.99,87,40,6.93,scattered clouds
444,Olafsvik,IS,64.89,-23.71,50.9,97,100,10.92,moderate rain
445,Trairi,BR,-3.28,-39.27,87.67,44,0,15.75,clear sky
446,Abonnema,NG,4.71,6.79,82.6,65,95,12.26,overcast clouds
447,Nizhniy Tsasuchey,RU,50.52,115.13,55.62,84,61,4.56,broken clouds
448,Marivan,IR,35.52,46.18,72.59,21,0,3.27,clear sky
449,Bintulu,MY,3.17,113.03,78.8,94,40,2.24,scattered clouds
450,Suntar,RU,62.14,117.63,45.12,84,91,3.74,overcast clouds
451,Puerto Escondido,MX,15.85,-97.07,78.8,78,90,3.31,overcast clouds
452,Cururupu,BR,-1.83,-44.87,86.47,57,52,8.77,broken clouds
453,Kuminskiy,RU,58.67,66.57,47.43,75,100,6.8,overcast clouds
454,Lazaro Cardenas,MX,17.96,-102.2,83.34,72,91,3.06,overcast clouds
455,Daru,PG,-9.08,143.21,77.61,86,100,18.16,overcast clouds
456,Yuxia,CN,34.06,108.63,78.01,94,0,2.24,clear sky
457,Barrie,CA,44.4,-79.67,63.0,59,20,4.7,few clouds
458,Lavrentiya,RU,65.58,-171.0,38.7,85,100,7.49,overcast clouds
459,Sitka,US,57.05,-135.33,48.2,87,40,2.64,scattered clouds
460,Paraiso,CR,9.84,-83.87,78.8,61,27,6.93,scattered clouds
461,Yar-Sale,RU,66.83,70.83,42.33,66,0,5.1,clear sky
462,Beyneu,KZ,45.32,55.2,68.54,34,100,20.15,overcast clouds
463,Plouzane,FR,48.38,-4.62,66.2,72,75,10.29,broken clouds
464,Tautira,PF,-17.73,-149.15,71.6,83,40,3.36,scattered clouds
465,Sokna,NO,60.24,9.92,62.01,65,62,1.99,broken clouds
466,Puri,IN,19.8,85.85,84.2,89,40,4.7,haze
467,Jijiga,ET,9.35,42.8,66.99,74,81,5.14,broken clouds
468,Mgachi,RU,51.05,142.27,60.24,82,100,6.78,overcast clouds
469,Manokwari,ID,-0.87,134.08,79.65,77,97,3.15,light rain
470,Dabakala,CI,8.37,-4.43,78.17,87,83,7.38,moderate rain
471,Whitianga,NZ,-36.83,175.7,55.0,93,100,3.0,light rain
472,Gat,IL,31.61,34.76,87.01,62,0,12.53,clear sky
473,Cham,DE,49.24,12.68,64.0,50,94,1.99,overcast clouds
474,Sztum,PL,53.92,19.03,63.0,63,31,7.27,scattered clouds
475,Pavlodar,KZ,52.3,76.95,44.6,87,90,6.71,overcast clouds
476,Bahir Dar,ET,11.59,37.39,67.53,69,22,2.93,light rain
477,Ojinaga,MX,29.57,-104.42,78.8,47,1,5.82,clear sky
478,Caravelas,BR,-17.71,-39.25,77.9,73,34,9.84,light rain
479,Misratah,LY,32.38,15.09,82.47,68,0,18.88,clear sky
480,Puerto Carreno,CO,6.19,-67.49,86.0,66,40,5.82,scattered clouds
481,Kadoma,JP,34.73,135.58,81.0,74,96,14.12,overcast clouds
482,Jumla,NP,29.27,82.18,59.72,70,3,2.08,clear sky
483,Hualmay,PE,-11.1,-77.61,66.22,65,92,8.61,overcast clouds
484,Kulhudhuffushi,MV,6.62,73.07,82.76,74,100,22.82,overcast clouds
485,Sechura,PE,-5.56,-80.82,71.85,55,23,10.07,few clouds
486,Fez,MA,34.04,-5.0,98.6,25,75,10.29,broken clouds
487,Dudinka,RU,69.41,86.18,46.4,70,0,8.95,clear sky
488,Makokou,GA,0.57,12.86,79.83,73,34,2.64,light rain
489,Chernyshkovskiy,RU,48.42,42.23,74.61,20,100,8.99,light rain
490,Iquique,CL,-20.22,-70.14,60.8,63,90,6.93,overcast clouds
491,Port Hedland,AU,-20.32,118.57,69.8,94,12,5.82,few clouds
492,Waipawa,NZ,-41.41,175.52,51.8,81,98,23.04,overcast clouds
493,Batman,TR,37.89,41.13,91.4,21,0,6.93,clear sky
494,Beloha,MG,-25.17,45.05,64.92,67,0,16.93,clear sky
495,Adrar,MR,20.5,-10.07,97.79,28,73,10.65,broken clouds
496,Palmer,US,42.16,-72.33,75.99,49,20,4.56,few clouds
497,Valkeala,FI,60.94,26.8,59.0,82,20,3.36,shower rain
498,Aasiaat,GL,68.71,-52.87,37.06,80,73,13.44,broken clouds
499,Saint-Hyacinthe,CA,45.62,-72.95,66.99,68,1,8.05,clear sky
500,Port Hardy,CA,50.7,-127.42,57.2,93,75,2.24,broken clouds
501,Turayf,SA,31.67,38.66,104.0,11,40,3.36,scattered clouds
502,Nargana,PA,9.44,-78.59,85.06,71,66,4.12,broken clouds
503,Opuwo,NA,-18.06,13.84,90.32,12,14,10.16,few clouds
504,Smithers,CA,54.78,-127.17,51.8,100,90,2.24,light rain
505,Terrace,CA,54.52,-128.6,57.2,100,90,8.05,shower rain
506,Suzun,RU,53.78,82.31,43.81,76,47,3.24,scattered clouds
507,Meshchovsk,RU,54.32,35.28,64.09,68,96,4.76,overcast clouds
508,Balkhash,KZ,46.84,74.98,60.76,39,33,11.27,scattered clouds
509,El Paso,US,31.76,-106.49,80.01,47,1,4.94,clear sky
510,Souillac,MU,-20.52,57.52,71.6,78,40,10.29,scattered clouds
511,Tahta,EG,26.77,31.5,104.0,21,0,13.87,clear sky
512,Tahoua,NE,14.89,5.27,84.2,62,20,4.7,few clouds
513,Kardla,EE,59.0,22.75,60.8,67,40,9.17,light rain
514,Fort Nelson,CA,58.81,-122.7,41.0,100,90,3.36,mist
515,Beni Suef,EG,29.07,31.1,98.46,19,0,9.75,clear sky
516,Bereda,ES,43.27,-7.54,66.99,68,6,17.0,clear sky
517,Llata,PE,-9.42,-76.78,62.13,32,31,5.77,scattered clouds
518,Lebyazhye,RU,55.27,66.49,50.36,69,100,6.82,overcast clouds
519,Jiuquan,CN,39.74,98.52,69.28,24,0,8.88,clear sky
520,Doha,QA,25.29,51.53,96.01,53,0,5.82,clear sky
521,Akyab,MM,20.15,92.9,83.14,75,100,4.12,overcast clouds
522,Robertsganj,IN,24.7,83.07,80.94,78,81,4.09,heavy intensity rain
523,Ballina,AU,-28.87,153.57,62.6,72,40,6.93,scattered clouds
524,Hearst,CA,49.68,-83.67,58.96,61,75,8.03,light rain
525,Neiafu,TO,-18.65,-173.98,73.4,60,75,10.29,broken clouds
526,Price,US,39.6,-110.81,73.4,17,1,1.61,clear sky
527,Saint Anthony,US,45.02,-93.22,75.0,69,1,16.11,clear sky
528,Palana,RU,59.12,159.97,44.85,75,97,6.58,overcast clouds
529,Zimovniki,RU,47.15,42.46,76.73,28,94,10.04,overcast clouds
530,Cajati,BR,-24.74,-48.12,88.11,43,11,3.4,few clouds
531,Mitu,CO,1.2,-70.17,94.37,46,42,1.95,scattered clouds
532,Manta,EC,-0.95,-80.73,77.0,73,90,4.7,overcast clouds
533,Husavik,IS,66.04,-17.34,53.6,76,75,16.11,broken clouds
534,Shaunavon,CA,49.65,-108.42,54.16,69,100,18.99,light rain
535,Koygorodok,RU,60.45,51.0,54.41,84,0,4.56,clear sky
536,Lasalgaon,IN,20.15,74.23,78.87,81,90,5.14,light rain
537,Biltine,TD,14.53,20.92,79.68,68,76,6.08,broken clouds
538,Show Low,US,34.25,-110.03,77.0,29,1,14.99,clear sky
539,Ippy,CF,6.27,21.22,73.17,95,88,5.1,moderate rain
540,Half Moon Bay,US,37.46,-122.43,81.0,77,1,3.96,haze
541,Kijang,KR,35.24,129.21,71.6,78,90,29.97,moderate rain
542,Suez,EG,29.97,32.53,89.29,39,0,14.63,clear sky
543,Ghoti,IN,19.72,73.62,75.61,87,100,1.45,overcast clouds
544,Konongo,GH,6.62,-1.22,84.2,58,68,4.56,broken clouds
545,Hovd,MN,48.01,91.64,59.36,44,14,2.95,few clouds
546,Caucaia,BR,-3.74,-38.65,87.8,45,7,17.22,clear sky
547,Yulara,AU,-25.24,130.99,73.4,20,0,4.7,light rain
548,General Roca,AR,-39.03,-67.58,51.8,62,0,2.24,clear sky
549,Lagos,NG,6.58,3.75,79.97,72,63,10.25,broken clouds
550,Vostok,RU,46.49,135.88,56.53,89,100,2.82,overcast clouds
551,San Gavino Monreale,IT,39.55,8.79,82.4,61,20,9.17,few clouds
552,Padang,ID,-0.95,100.35,78.35,78,60,4.72,broken clouds
553,Minna,NG,9.61,6.56,79.18,81,96,2.55,light rain
554,Svetlyy,RU,54.67,20.13,62.6,67,20,8.95,moderate rain
555,Bilma,NE,18.69,12.92,103.98,10,10,6.15,clear sky
556,Mindelo,CV,16.89,-24.98,87.8,62,40,27.51,scattered clouds
557,Kalofer,BG,42.62,24.98,82.0,32,0,1.92,clear sky
558,Deniliquin,AU,-35.53,144.97,50.0,68,6,1.01,clear sky
559,Kloulklubed,PW,7.04,134.26,77.0,94,75,3.36,broken clouds
560,Bethalto,US,38.91,-90.04,80.01,94,90,4.7,overcast clouds
561,Mattru,SL,7.62,-11.83,78.33,87,91,6.85,moderate rain
562,Camacari,BR,-12.7,-38.32,82.4,65,40,11.41,scattered clouds
563,Sao Paulo De Olivenca,BR,-3.38,-68.87,99.55,37,38,1.43,scattered clouds
564,Erenhot,CN,43.65,111.98,69.51,48,69,10.65,broken clouds
565,Sioux Lookout,CA,50.1,-91.92,53.6,93,90,5.82,overcast clouds
566,Letterkenny,IE,54.95,-7.73,62.6,72,75,9.17,broken clouds
567,Lamar,US,33.67,-95.58,82.99,78,1,6.93,clear sky
568,Ayagoz,KZ,47.97,80.44,48.54,51,0,8.7,clear sky
569,Santiago,CL,-33.46,-70.65,63.0,44,45,3.62,scattered clouds
570,Kaeo,NZ,-35.1,173.78,55.99,3,97,9.89,light rain
571,Ankpa,NG,7.37,7.63,79.95,79,99,4.21,overcast clouds
572,Lekoni,GA,-1.58,14.26,82.67,56,83,6.98,broken clouds
573,Upington,ZA,-28.45,21.26,75.2,25,20,9.17,few clouds
574,Khoni,GE,42.32,42.42,75.2,83,90,4.7,overcast clouds
575,Paamiut,GL,61.99,-49.67,44.96,90,100,4.85,light rain
576,Katiola,CI,8.13,-5.1,84.2,66,40,9.17,scattered clouds
577,Siddipet,IN,18.1,78.85,78.28,83,83,5.93,broken clouds
578,Rabak,SD,13.18,32.74,90.1,48,18,6.02,few clouds
579,Russell,US,32.35,-85.2,82.99,57,1,3.36,clear sky
580,Saint-Francois,FR,46.42,3.91,68.0,42,81,12.75,broken clouds
581,Hit,IQ,33.64,42.83,98.85,9,0,8.41,clear sky
582,Tonj,SS,7.27,28.68,73.81,94,94,2.91,overcast clouds
583,Bowen,AU,-20.02,148.23,66.2,88,40,10.29,scattered clouds
584,Katsuura,JP,35.13,140.3,78.8,94,75,3.36,moderate rain
585,Paidha,UG,2.42,30.99,64.58,93,100,4.14,light rain
586,Eyl,SO,7.98,49.82,77.49,73,46,26.4,scattered clouds
587,Betanzos,ES,43.28,-8.21,72.0,56,0,12.75,clear sky
588,Naryan-Mar,RU,67.67,53.09,57.58,86,83,7.23,broken clouds
589,Seoul,KR,37.57,126.98,66.2,93,90,11.36,light rain
590,Cairns,AU,-16.92,145.77,71.6,83,75,10.29,broken clouds
591,Kamenka,RU,51.32,42.77,66.99,35,4,8.77,clear sky
592,Andreapol,RU,56.65,32.27,61.39,91,100,4.7,light rain
593,Vanderhoof,CA,54.02,-124.02,57.2,82,81,3.36,broken clouds
594,Montagnana,IT,45.23,11.46,81.0,70,14,5.82,light rain
595,Micheweni,TZ,-4.97,39.83,76.1,76,1,11.65,clear sky
596,Mayo,US,38.89,-76.51,81.0,54,1,4.7,clear sky
597,Sucua,EC,-2.47,-78.17,71.6,78,20,3.36,few clouds
598,Benghazi,LY,32.12,20.07,79.9,67,0,17.74,clear sky
599,Uray,RU,60.12,64.78,48.54,63,0,7.76,clear sky
600,Kamien Pomorski,PL,53.97,14.77,63.0,67,20,3.36,few clouds
601,Tigil,RU,57.8,158.67,46.62,93,100,10.27,light rain
602,Karachi,PK,24.91,67.08,84.2,74,40,11.41,scattered clouds
603,Baruun-Urt,MN,46.68,113.28,54.43,81,0,6.26,clear sky
604,Soyo,AO,-6.13,12.37,77.0,83,75,8.05,broken clouds
605,Pafos,CY,34.77,32.42,84.2,70,20,8.05,few clouds
606,Ngunguru,NZ,-35.62,174.5,55.99,3,99,13.02,overcast clouds
607,Muyezerskiy,RU,63.93,31.65,56.21,74,70,5.08,broken clouds
608,Vila Velha,BR,-20.33,-40.29,81.0,65,20,14.99,few clouds
609,Astoria,US,46.19,-123.83,60.01,93,75,2.13,broken clouds
610,Ati,TD,13.22,18.34,82.87,62,69,12.28,broken clouds
611,Visaginas,LT,55.6,26.42,59.97,81,47,5.5,scattered clouds
612,Kelvington,CA,52.17,-103.53,54.28,66,43,23.02,light rain
613,Zhezkazgan,KZ,47.8,67.71,51.8,32,1,8.95,clear sky
614,Muscatine,US,41.47,-91.13,66.99,93,90,16.11,overcast clouds
615,Fershampenuaz,RU,53.52,59.81,51.8,76,29,7.09,scattered clouds
616,Mpulungu,ZM,-8.76,31.11,78.35,35,67,3.53,broken clouds
617,Luganville,VU,-15.53,167.17,75.2,88,75,10.92,broken clouds
618,Costa Rica,BR,-23.42,-54.65,90.46,31,5,7.36,clear sky
619,Kalmunai,LK,7.42,81.82,77.88,79,98,14.29,light rain
620,Sabzevar,IR,36.21,57.68,87.8,19,0,7.14,clear sky
621,Apache Junction,US,33.42,-111.55,98.01,19,1,6.93,clear sky
622,Kidal,ML,18.44,1.41,97.29,26,3,2.77,clear sky
623,Bafata,GW,12.17,-14.75,79.52,89,100,10.27,moderate rain
624,Schruns,AT,47.07,9.95,54.0,100,100,5.84,moderate rain
625,Sorong,ID,-0.88,131.25,79.39,85,97,4.74,moderate rain
626,Bucksport,US,44.57,-68.8,73.0,49,0,4.0,clear sky
627,Zakamensk,RU,50.37,103.29,44.2,85,30,0.29,scattered clouds
628,Kaduy,RU,59.2,37.15,66.2,77,40,8.95,scattered clouds
629,Umm Lajj,SA,25.02,37.27,90.05,58,1,4.68,clear sky
630,Abapo,BO,-18.83,-63.47,88.59,28,45,5.26,scattered clouds
631,Pontianak,ID,-0.03,109.33,73.38,88,100,2.95,light rain
632,Zhenlai,CN,45.85,123.3,60.01,88,27,4.0,light rain
633,Ahmadnagar,IN,19.08,74.73,80.56,71,96,4.68,overcast clouds
634,Bahia Blanca,AR,-38.72,-62.27,59.4,39,2,3.27,clear sky
635,Praia Da Vitoria,PT,38.73,-27.07,72.0,68,75,22.39,broken clouds
636,La Ronge,CA,55.1,-105.28,48.2,87,75,11.41,broken clouds
637,Black River,JM,18.03,-77.85,86.0,74,40,16.11,scattered clouds
638,San Diego De Los Banos,CU,22.65,-83.37,87.42,58,0,7.16,clear sky
639,Prince Rupert,CA,54.32,-130.32,59.0,100,90,3.36,light rain
640,Ayan,RU,56.45,138.17,51.4,94,100,2.82,light rain
641,Linhares,BR,-19.39,-40.07,81.57,56,94,4.21,overcast clouds
642,Saint-Georges,GD,12.06,-61.75,87.8,70,40,21.92,scattered clouds
643,Mattawa,US,46.74,-119.9,77.0,59,1,2.95,clear sky
644,Rincon,US,32.3,-81.24,81.0,69,75,8.05,broken clouds
645,Bracebridge,CA,45.03,-79.32,60.8,59,1,4.7,clear sky
646,Aquiraz,BR,-3.9,-38.39,87.8,45,17,17.22,few clouds
647,Skogn,NO,63.7,11.2,57.99,76,40,11.41,scattered clouds
648,Wagga Wagga,AU,-35.12,147.37,46.0,100,0,6.93,clear sky
649,Bang Saphan,TH,11.21,99.51,78.35,90,98,6.04,overcast clouds
650,Baghdad,IQ,33.34,44.4,109.4,13,0,5.82,clear sky
651,Awjilah,LY,29.11,21.29,93.36,20,0,10.76,clear sky
652,Manoel Urbano,BR,-8.84,-69.26,98.47,33,62,3.56,broken clouds
653,Nanga Eboko,CM,4.68,12.37,72.99,95,90,3.78,moderate rain
654,Darmstadt,DE,49.83,8.67,70.0,34,100,6.93,overcast clouds
655,Turukhansk,RU,65.82,87.98,45.0,87,100,5.82,overcast clouds
656,Ipoh,MY,4.58,101.08,77.0,94,20,3.36,light rain
657,Kapuskasing,CA,49.42,-82.43,57.2,71,75,11.41,broken clouds
658,Sturgeon Falls,CA,46.36,-79.93,63.0,87,75,8.05,broken clouds
659,Gualaceo,EC,-2.9,-78.78,62.6,67,75,6.93,broken clouds
660,Werdohl,DE,51.27,7.77,63.0,59,28,1.01,light rain
661,Novomikhaylovskiy,RU,44.26,38.86,71.78,83,94,10.69,moderate rain
662,Bulawayo,ZW,-20.15,28.58,64.76,36,0,11.43,clear sky
663,Mitsamiouli,KM,-11.38,43.28,78.8,65,20,10.29,few clouds
664,Irbil,IQ,36.19,44.01,104.0,11,0,3.36,clear sky
665,Waverly,US,42.74,-84.62,64.99,67,1,8.05,clear sky
666,Parrita,CR,9.52,-84.32,79.0,61,58,6.93,light rain
667,Las Choapas,MX,17.93,-94.08,80.6,88,75,3.62,moderate rain
668,Oktyabrskoye,RU,43.06,44.74,69.8,83,40,4.47,scattered clouds
669,Vila,PT,42.03,-8.16,82.99,45,0,11.99,clear sky
670,Ketchikan,US,55.34,-131.65,55.4,100,90,4.7,light rain
671,Sao Joao Da Barra,BR,-21.64,-41.05,86.0,37,0,11.41,clear sky
672,Basco,PH,20.45,121.97,83.25,68,58,5.75,broken clouds
673,Dalvik,IS,65.97,-18.53,53.6,76,75,16.11,broken clouds
674,Launceston,AU,-41.45,147.17,48.2,87,100,14.99,overcast clouds
675,Tarancon,ES,40.01,-3.01,91.99,18,0,6.51,clear sky
676,Meiktila,MM,20.87,95.87,80.53,81,85,10.38,overcast clouds
677,Olinda,BR,-8.01,-34.86,82.4,58,20,13.87,few clouds
678,Tessalit,ML,20.2,1.01,100.09,17,50,3.69,scattered clouds
679,Najran,SA,17.49,44.13,91.4,19,0,9.17,clear sky
680,Leiyang,CN,26.4,112.86,73.72,91,100,4.76,light rain
681,Lincoln,US,40.8,-96.67,86.0,56,100,5.01,overcast clouds
682,Jardim,BR,-21.48,-56.14,98.78,16,45,7.45,scattered clouds
683,Trofors,NO,65.53,13.41,55.4,82,75,2.24,shower rain
684,West Bay,KY,19.37,-81.42,87.8,74,40,8.46,scattered clouds
685,Pimentel,PE,-6.84,-79.93,66.2,68,75,9.17,broken clouds
686,Marawi,PH,8.0,124.29,77.0,91,100,5.99,overcast clouds
687,Erzin,TR,36.96,36.2,84.0,81,0,5.66,clear sky
688,Iskateley,RU,67.68,53.15,57.51,86,86,7.25,overcast clouds
689,Poienile Izei,RO,47.7,24.12,81.0,51,25,3.36,scattered clouds
690,Nuuk,GL,64.18,-51.72,44.6,100,93,6.93,overcast clouds
691,Chimbote,PE,-9.09,-78.58,65.57,70,92,9.78,overcast clouds
692,Yelizovo,RU,53.19,158.38,51.8,100,75,2.24,broken clouds
693,Maneadero,MX,31.72,-116.57,97.07,19,0,0.31,clear sky
694,Spirit River,CA,55.78,-118.84,50.0,87,75,2.24,broken clouds
695,Cartagena Del Chaira,CO,1.33,-74.84,89.87,52,4,3.11,clear sky
696,Champerico,GT,14.3,-91.92,82.4,74,75,4.7,broken clouds
697,Vangaindrano,MG,-23.35,47.6,64.92,75,17,5.26,few clouds
698,Shitanjing,CN,39.23,106.34,69.62,33,28,1.99,scattered clouds
699,Suoyarvi,RU,62.08,32.35,57.2,82,92,4.59,overcast clouds
700,Guanica,PR,17.97,-66.91,90.0,55,53,5.01,broken clouds
701,Wanaka,NZ,-44.7,169.15,37.99,71,7,2.26,clear sky
702,Auki,SB,-8.77,160.7,77.72,85,36,4.47,light rain
703,Bumba,CD,2.18,22.47,77.74,78,72,2.42,broken clouds
704,Huron,US,41.15,-82.55,72.0,68,82,1.01,broken clouds
705,Fare,PF,-16.7,-151.02,77.95,79,44,14.14,light rain
706,Tombouctou,ML,20.0,-3.0,103.89,14,0,3.94,clear sky
707,Ilinskiy,RU,55.62,38.12,70.0,49,91,4.47,overcast clouds
708,Beboto,TD,8.27,16.94,72.27,93,100,4.36,overcast clouds
709,Matagami,CA,49.75,-77.63,59.0,58,75,7.76,broken clouds
710,Kurumkan,RU,54.3,110.3,54.45,80,100,2.3,overcast clouds
711,Hudson Bay,CA,52.85,-102.38,53.8,72,43,17.13,scattered clouds
712,Santa Cruz,BO,-17.8,-63.17,86.0,48,75,10.29,smoke
713,Umea,SE,63.83,20.26,59.0,77,0,5.82,light rain
714,Butwal,NP,27.7,83.45,78.89,80,31,3.36,light rain
715,Miramar,US,25.99,-80.23,90.0,66,20,12.75,few clouds
716,Pinar Del Rio,CU,22.42,-83.7,86.68,61,0,9.22,clear sky
717,Mahibadhoo,MV,3.78,72.97,82.85,75,100,14.05,overcast clouds
718,Inhambane,MZ,-23.86,35.38,73.4,64,40,2.24,scattered clouds
719,Banjar,ID,-8.19,114.97,78.8,100,40,10.29,scattered clouds
